Job Title,Company Name,Salary,Location,Job Description
Software Engineer,Moody's,Competitive,London,"* Minster Building, 21 Mincing Lane, 2nd Floor, London, EC3R 7AG, GB Line Of Business: Know Your Customer OU(KYC OU) * Engineering & Technology Experience Level: Experienced Hire At Moody's, we unite the brightest minds to turn todays risks into tomorrows opportunities. We do this by striving to create an inclusive environment where everyone feels welcome to be who they are-with the freedom to exchange ideas, think innovatively, and listen to each other and customers in meaningful ways. If you are excited about this opportunity but do not meet every single requirement, please apply! You still may be a great fit for this role or other open roles. We are seeking candidates who model our values: invest in every relationship, lead with curiosity, champion diverse perspectives, turn inputs into actions, and uphold trust through integrity."
Software Engineer - JDK,Apple,Competitive,London,"Summary Posted: Jul 22, 2024 Role Number:200559947We are looking for an experienced and motivated Software Engineer to join the Apple Services Engineering team! We build and seamlessly integrate technologies that enrich peoples lives. You will join a diverse team of people who are passionate about developing new technologies and services for our customers. You will be collaborating with many different teams within Apple to further improve the quality of our productsThe AppleJDK team has a number of responsibilities, including consulting, build engineering, and core development."
Software Engineer - Data Centre Tools - Apple Private Cloud,Apple,Competitive,London,"Summary Posted: Aug 20, 2024 Role Number:200558325We are looking for an experienced and motivated Software Engineer to join the Apple Services Engineering team! We build and seamlessly integrate technologies that enrich peoples lives. You will join a diverse team of people who are passionate about developing new technologies and services for our customers. You will be collaborating with many different teams within Apple to further improve the quality of our products. In this role you will be responsible for helping build and run tools for Apples Private Cloud Compute. This includes architecting solutions, partnering with application teams, and building automation and monitoring tools. Description You will work cross-functionally to capture requirements, build infrastructure and tooling to support application needs."
"Software Engineer - Apple Cloud, London",Apple,Competitive,London,"Summary Posted: Sep 12, 2024 Role Number:200567078The Apple Database Technology Group is looking for a Software Engineer with a passion for developing world class, highly scalable, and resilient database systems with a particular focus towards ensuring quality, performance, and correctness. Particular areas of focus involve transaction and concurrency management, query language, planning and optimisation as well the design and development of custom storage, indexing, and search structures. We are a group of focused engineers that don multiples hats: coder, hacker, debugger, and most importantly, customer advocate. We are seeking someone who is passionate about working in an exciting environment with evolving priorities. Your background should be a good blend of design and hands-on development of software at scale."
Software Engineer - OS and System Services,Apple,Competitive,London,"Summary Posted: Aug 29, 2024 Role Number:200558328The Apple Cloud Engineering team is looking for an outstanding software engineer to build and integrate software to orchestrate workloads across highly performant and energy efficient systems that will power the next generation of data centers. In this highly collaborative role, you will be at the center of multiple efforts to use/ hardware acceleration for machine learning and high performance computing workloads. You will be part of a team that builds and maintains system software such as kernel drivers, runtime libraries, frameworks, and daemons that will power the next generations of data centers. You will partner with teams across Apple to adapt, tailor, and scale software on a novel compute platform and will help to build the foundation of our future cloud architecture."
Software Engineer - Data Analysis,Apple,Competitive,London,"Summary Posted: Aug 5, 2024 Role Number:200558842We are looking for an experienced and motivated Software Engineer to join the Apple Services Engineering team! We build and seamlessly integrate technologies that enrich peoples lives. You will join a diverse team of people who are passionate about developing new technologies and services for our customers. You will be collaborating with many different teams within Apple to further improve the quality of our products. The Infrastructure Tools SLO team focuses on SLO reporting for teams across Apple. We support a wide variety of organisations and we are currently in the processes of building a highly scalable ETL system and migrating our legacy tools over to this new system. Plenty challenges await us due to the unique nature of working with our telemetry data and we are seeking a talented Java engineer to help us."
"Software Engineer, Apple Cloud, London",Apple,Competitive,London,"Summary Posted: Sep 9, 2024 Role Number:200566019The Apple Cloud organisation is building the next generation of tools empowering Apples software developers to ship products our customers love. We're a small, empathetic, user-focused team crafting and building a continuous integration and delivery system that Apples developers utilise to build, test and deploy their code. Our goal is for Apple-internal developers to have a happier, easier time developing because of us, so that Apple's end-users have a better experience, and we're looking to hire people who are excited to make that a reality. We try to understand the underlying user needs common across different teams, and provide optimised shared solutions so that individual developers can focus on their own priorities. Description"
"SWE - Software Engineer, CoreOS Kernel",Apple,Competitive,London,"Summary Posted: Jul 9, 2024 Role Number:200523081Are you a big-picture thinker who loves setting ambitious goals? Do you have a passion for understanding how each line of code affects all the others? In the Core Operating Systems group, youll ensure the OS is inseparable from each devices identity as a whole. Thats because this group is committed to building fully integrated operating systems that combine hardware, software, and apps into a single Apple experience. Your dedication to cross-disciplinary collaboration will help develop groundbreaking technologies, such as iOS, macOS, watchOS, and tvOS. By crafting these distinct, holistic user experiences, youll continue to uphold and advance the excellence people expect from Apple devices."
Software Engineer - DV Cleared,Stott & May Professional Search Limited,Up to £0.00 per day,London,"On-site London Job Description: We are seeking a skilled Software Engineer to join our dynamic team. This role involves daily interaction with customers, requiring excellent communication and problem-solving skills. The ideal candidate will be capable of working independently and collaboratively within an Agile development environment. Engage with customers daily to understand their needs and provide technical support. Develop, maintain, and optimize software solutions using AWS (Kubernetes), Apache NiFi, Linux, and Java. Automate processes and manage configurations using Ansible. Integrate and manage ActiveDirectory services. Utilize the Atlassian stack for project management and collaboration. Contribute to Agile development practices, including sprint planning, stand-ups, and retrospectives. Proficiency in AWS, Apache NiFi, Linux, and Java."
Software Engineer,WOODFORD GRAY GROUP LTD,"£60,000 per annum Pension, Healthcare, Flexible working 33 days holida","Bloomsbury, WC1N 3AX","Woodford Gray are looking for an experiencedSoftware Engineer will be part of the Application Development team responsible for a diverse range of projects across the organisation. You will need to haveVery strong and proven experience in development, implementation and maintenance of database management systems across multiple platforms. Key Skills:- MS .Net Framework 2.0 C#, VB, WinForms, ASP.NET, Windows Services, and MVC Expert in MS SQL and surrounding technologies (2012. 2014, 2016 etc) You will be working with IT Business Analysts, to build Applications across the business. Reporting into the Head of Application Development. £50-60k Plus Benefits (fully Remote)"
Software Engineer,WOODFORD GRAY GROUP LTD,"£100,000 per annum Pension, Healthcare, Flexible working 33 days holid",London,"London (Hybrid working) £100,000 + benefits Woodford Gray are working with a Fintech based London who are looking for a number of experienced node.js developers to join them. Ideally you will have a high proficiency in node.js and cloud infrastructure, particularlyAWS services. There will be an opportunity to learn AWS bedrock and advance in AI and Machine learning. * Extensive experiencein Node.js. * A strong background in cloud infrastructure, particularlyAWS services. * Proficiencyin setting up observability tools and protocols for mission-critical systems. * Excellent problem-solving skills, with the ability to work both independently and collaboratively. * Strong communication skillsto effectively liaise with technical and non-technical stakeholders. * Desirablein AWS Bedrock, OpenAI API, and experience with AI/ML model deployment."
Software Engineer (Backend development),Centrica,"Bonus, pension and benefits","SL4, Windsor","About the Role We are seeking a talented Software Engineer to join our cross-functional team in Digital Technology Services (DTS) at Centrica. This core function provides engineering services across the company. Our teams are responsible for building, testing, and running their platforms in production. You will work closely with Product Owners to define roadmaps and play a key role in delivering new technology, enabling the growth of Centrica with your SaaS platforms. Key Responsibilities * Build and drive engineering solutions and best practices across Centrica's Integration platforms. * Design, build, and manage end-to-end solutions across various platforms including AWS, Azure, and Salesforce. * Utilize Typescript, Java, Python, and Azure, with services deployed to AWS. * Host platforms on Serverless architectures or microservices on Kubernetes."
Ensoft Software Engineer Internship - Summer 2025,Cisco,Competitive,"Harpenden, Hertfordshire","Software Engineering Internships (Intern) UKPositions are expected to open later in the academic year. To express your interest, please apply above, and well get in touch once these roles become available. Location - Harpenden, Herts Start Date - Summer 2025 8-10 Weeks Placement Our aim is to provide you with a full experience of what it is like to work as part of the Ensoft engineering team. All of our software development teams are responsible for delivering pioneering software technology that helps to run the Internet, delivered to an outstanding quality. We want to help you build experience of this that will be valuable to your future, as well as helping you to decide if this is the career for you."
Software Engineer (Reverse Engineer IDA Pro / GHIDRA),Ernest Gordon Recruitment,"£65000 - £75000 per annum + Sponsorship, Progression, Bonus,","EC1, City of London","Software Engineer (IDA Pro or Ghidra) London - Remote £65,000 - £75,000 + Bonus + Pension + Private Health Ability to sponsor and relocate candidates worldwide to the UK Are you an Software Engineer that wants to work on the most sought after tuning products for the racing market? Do you want to work in an elite team of Engineers that are revolutionising the drag and street racing scene globally? On offer is the chance to work with a global team that are head and shoulders above the competition when it comes to their tuning products that are already the hottest products in the race scene. This business is very R&D focussed and Is constantly working on their next generation tuners, they have had an exceptional 5 years and are now market leaders in this space."
"Software Engineer L5, Model Observability and Lifecycle Management, Machine Learning Platform",Netflix,Competitive,London,"Netflix is one of the worlds leading entertainment services with 283 million paid memberships in over 190 countries enjoying TV series, films and games across a wide variety of genres and languages. Members can play, pause and resume watching as much as they want, anytime, anywhere, and can change their plans at any time. The Role The Model Observability & Lifecycle Management teams centralized MLOps platform multiplies the productivity of both the Machine Learning Platform (MLP) organization and all ML practitioners across Netflix. We maintain the reliability of ML applications by building systems to catch and diagnose issues as soon as possible, sometimes before they even happen! Were building a comprehensive and centralized system for managing ML models, featuring capabilities like visualization, observability, and performance benchmarking."
Lead Backend Software Engineer,Spectrum It Recruitment Limited,£80000 - £95000 per annum + Bonus + Amazing Benefits,London,"This is an exciting opportunity for a Lead Backend Software Engineer to join an AI/ML-focused product team, specializing in Back-end development with Python / Django. This growing company is expanding their AI software offerings to meet increasing demand for advanced AI features. They seek an experienced Lead Backend Software Engineer to lead an Agile team, staying hands-on across back-end development. * Flexible hybrid working: Just one day per month in their London office. * Leadership role: Guide a team of experienced engineers in building cutting-edge AI-driven products. * Lead and mentor a small team of software engineers. * Implement best practices in software engineering (Agile, SOLID principles, etc.). * Collaborate closely with Product, Tech and Data teams. * Communicate effectively with business stakeholders on project updates. * Python * Django * GCP or AWS"
Trading Software Engineer Intern 2025,MarketAxess,Competitive,London,"Company Description Why does this matter? Because our platform makes trading fixed-income more accessible, ultimately improving transparency, efficiency, and competition in the marketplace. Changing the way an established industry transacts is no easy feat. There will be twists and turns, because no ones ever done this before. But now, more than 2,000 clients around the world rely on our solutions, and that number is only expected to grow in the years ahead. We know where were going. How we get there is up to us. Join us and help Take Us There. The Role There is no better way to experience what a career at MarketAxess has to offer than through our internship programme. As a 2025 Summer intern with MarketAxess, you will grow your skills through on-the-job training and professional development classroom training."
Junior Software Engineer - Early Stage Start-Up,Oho Group,£40000 - £50000 per annum,"North London, London, n1 9al","Junior Full-Stack Developer Shape the Future of Tech at an Early-Stage Startup An exciting opportunity has arisen for an ambitious Junior Full-Stack Developer to join a dynamic early-stage startup. This is a chance to take on real responsibility, shape innovative technology, and make a lasting impact from the very start. The company is on a mission to transform industries and improve lives through cutting-edge AI solutions. They are seeking a talented individual who thrives on autonomy, is eager to make a difference, and has a proven track record of building and experimenting whether through personal projects, internships, or academic pursuits. This role is ideal for someone with strong technical skills, a proactive mindset, and a passion for creating technology that solves real-world challenges."
Junior Full Stack Software Engineer - Tech For Good Start Up,Oho Group,£40000 - £50000 per annum,"North London, London, N1 9AL","Junior Full-Stack Developer Impactful Tech Startup Looking for a role where you can make a real impact? Join an early-stage startup building cutting-edge AI solutions that are transforming industries and improving lives. Theyre on a mission to create positive, meaningful tech that makes a difference, and need a passionate Full-Stack Developer to help get them there. This is a chance to be part of something special, work on impactful projects, and shape the future of innovative technology. If you're excited by the idea of building tech that drives change, solves real-world problems, and delivers lasting impact, this is the opportunity for you. * 2.1 from a Top Russell Group University in a relevant field * Experience with Next.js, React Native, AWS, and Python * Familiarity with Git, Docker, and CI/CD pipelines * Strong problem-solving skills"
Lead Software Engineer - Scala,DISNEY,Competitive,London,"As a Lead Software Engineer within Identity Engineering you will enable a squad of engineers to deliver large, exciting initiatives. You will contribute to and be part of an engaging, dynamic and inclusive engineering organisation. Lead Software Engineers are empowered to make important architectural decisions and to build a roadmap of future changes working in partnership with peers across Product, Project Management, and Engineering. We follow Scrum and Agile principles, make use of continuous integration and deployment, believe in phenomenal collaboration, and our motivated by a shared commitment to continuous learning and improvement."
Lead Quantitative Software Engineer – Java – Intraday Risk,Deutsche Bank,Competitive,London,"Position Overview Job Title Lead Quantitative Software Engineer Java Intraday Risk Location London Corporate Title Vice President Group Strategic Analytics is part of Group Chief Operation Office (COO) which acts as the bridge between the Banks businesses and infrastructure functions to help deliver the efficiency, control, and transformation goals of the Bank. You will be joining the Debt Strats team within Group Strategic Analytics. The group is responsible for delivering platforms to solve quantitative problems for Investment Banking trading businesses. You will be part of the IRiS Intraday Risk and profit & loss (P&L) application team. IRiS is used by over 200 traders globally and provides ticking and event-driven intraday risk and P&L for Rates, Credit and Emerging Markets trading desks."
Graphics Software Engineer,Apple,Competitive,London,"Summary Posted: May 10, 2024 Role Number:200531487Imagine what you could do here. At Apple, new ideas have a way of becoming extraordinary products, services, and customer experiences very quickly. Bring passion and dedication to your job and there's no telling what you could accomplish. Dynamic, smart people and inspiring, innovative technologies are the norm here. The people who work here have reinvented entire industries with all Apple Hardware products. The same passion for innovation that goes into our products also applies to our practices strengthening our commitment to leave the world better than we found it."
System Software Engineer,Apple,Competitive,London,"Summary Posted: May 29, 2024 Role Number:200492171Imagine what you can do here. At Apple, new ideas have a way of becoming extraordinary products very quickly. Bring passion and dedication to your job, and theres no telling what we can accomplish together.. Do you love crafting elegant solutions to highly complex challenges? Can you intrinsically see the importance in every detail? At Apple, our Platform Architecture group is responsible for connecting our hardware and software into one unified system. Join this team, and youll collaborate with engineers across Apple to build and deploy forward-looking prototype systems that contribute to the development of our world renowned hardware and software architecture. You and your team will confirm that every product we make performs exactly as intended."
SWE - Automation Software Engineer — CI Systems,Apple,Competitive,London,"Summary Posted: Jul 16, 2024Weekly Hours: 35 Role Number:200559403Apple's Continuous Integration Technologies team is seeking a skilled engineer to enhance our automated testing frameworks and infrastructure. This role offers an opportunity to significantly impact the quality and efficiency of our operating systems' delivery. We're looking for a detail-oriented individual with strong analytical and interpersonal skills who is driven to make a meaningful difference. Description In this role, you'll be integral to creating, maintaining, and expanding critical systems within Apple's Continuous Integration platform. Working closely with partner teams, you'll develop robust solutions to enhance productivity and ensure high-quality software releases."
Staff Software Engineer,Deliveroo,Competitive,London,"Location: London, UK - Hybrid (3 days from the office) Why Deliveroo? We're building the definitive online food company, transforming the way the world eats by making hyper-local food more convenient and accessible. We obsess about building the future of food, whilst using our network as a force for good. We're at the forefront of an industry, powered by our market-leading technology and unrivalled network to bring incredible convenience and selection to our customers. Working at Deliveroo is the perfect environment to build a definitive career, motivated by impact."
Staff Software Engineer – iOS,Deliveroo,Competitive,London,"Why Deliveroo? Deliveroos mission is to transform the way you shop and eat, bringing the neighbourhood to your door by connecting consumers, restaurants, shops and riders. We obsess about building the future of food, whilst using our network as a force for good. We're at the forefront of an industry, powered by our market-leading technology and unrivalled network to bring incredible convenience and selection to our customers. Our engineering team is a key partner in this mission. We build and run the systems that can handle traffic at scale. We build applications for our consumers, partners and riders that become part of their daily lives. Working at Deliveroo is the perfect environment to build an engineering career, driven by impact."
Software Engineer,Alten Ltd,"From £35,000 to £65,000 per annum","EC1N, City of London","Are you passionate about engineering? Do you want to make a difference? You could be one of our 54k+ colleagues in over 30 countries working on inspiring projects in the most innovative companies. Join us and start building tomorrows world today! Job Description * Location: Various locations across the UK (Hybrid/Flexible options available) * Industries: Aerospace, Automotive, Defence, Energy, and more Are you ready to elevate your career as a Software Engineer? Whether you're an early-careers engineer eager to dive into cutting-edge projects or an experienced professional seeking your next challenge, ALTEN has a place for you. At ALTEN, we partner with some of the worlds most innovative companies to deliver state-of-the-art projects that have real-world impact."
Software Engineer II – Frontend,Deliveroo,Competitive,London,"Why Deliveroo? We're building the definitive online food company, transforming the way the world eats by making hyper-local food more convenient and accessible. We obsess about building the future of food, whilst using our network as a force for good. We're at the forefront of an industry, powered by our market-leading technology and unrivalled network to bring incredible convenience and selection to our customers. Working at Deliveroo is the perfect environment to build a definitive career, motivated by impact. Firstly, the impact that working here will have on your development, allowing you to grow faster than you might elsewhere; secondly, the impact that you can have on Deliveroo, leaving your mark as we scale; and finally, being part of something bigger, through the impact that we make together in our marketplace and communities. What you'll do?"
Software Engineer (Frontend) – London – FTC – 12 Months,Deliveroo,Competitive,London,"Why Deliveroo? We obsess about building the future of food, whilst using our network as a force for good. We're at the forefront of an industry, powered by our market-leading technology and unrivalled network to bring incredible convenience and selection to our customers. Working at Deliveroo is the perfect environment to build a definitive career, motivated by impact. Firstly, the impact that working here will have on your development, allowing you to grow faster than you might elsewhere; secondly, the impact that you can have on Deliveroo, leaving your mark as we scale; and finally, being part of something bigger, through the impact that we make together in our marketplace and communities. What you'll do? As a Frontend Web Engineer at Deliveroo, your individual work contributes to achieving goals in multiple teams."
Software Engineer Intern (Post-Trade),MarketAxess,Competitive,London,"Company Description Why does this matter? Because our platform makes trading fixed-income more accessible, ultimately improving transparency, efficiency, and competition in the marketplace. Changing the way an established industry transacts is no easy feat. There will be twists and turns, because no ones ever done this before. But now, more than 2,000 clients around the world rely on our solutions, and that number is only expected to grow in the years ahead. We know where were going. How we get there is up to us. Join us and help Take Us There. The Role As a 2025 Software Engineer Intern with MarketAxess, you will grow your skills through on-the-job training and professional development classroom training. You will participate in different projects working on real problems, and community service and social events."
Core OS Software Engineer - Darwin Server,Apple,Competitive,London,"Summary Posted: Sep 12, 2024 Role Number:200567238The Darwin Evolution team in Core OS is looking for enthusiastic engineers interested in developing system software for Apples operating systems. Darwin is the UNIX-like foundation at the heart of all Apples operating systems, stretching from the kernel up through low-level user components. The Darwin Evolution team is responsible for ensuring this foundation is adaptable for use in server environments, such as with the Private Cloud Compute service that powers Apple Intelligence. The ideal candidate should be self-motivated and effective operating independently, with a desire to learn and develop technical leadership. Team members are welcome and encouraged to participate in design discussions, code reviews, and development across a range of technologies."
Software Engineer (Leadership) - Infrastructure,Meta,Competitive,London,"Facebook is seeking an experienced Software Engineer to join the Software Engineering (Infrastructure) team. The Software Engineering (Infrastructure) team builds large distributed components that run Facebook. Our code serves millions of requests per second and it does so with sub-second latency and in a fault-tolerant manner. We handle everything from Facebook scale data storage, to synchronization and coordination of large server clusters, to providing a runtime environment for front end Facebook code. We are looking for candidates who share a passion for tackling complexity and building platforms that can scale through multiple orders of magnitude. * Drive the team's goals and technical direction to pursue opportunities that make your larger organization more efficient * Effectively communicate complex features and systems in detail"
Software Engineer (Leadership) - Managed accounts platform,Meta,Competitive,London,"The Managed accounts platform enables professionals and organizations to access and work with the Meta ecosystem. It provides an organizationally managed trusted identity, protected by enterprise-grade security, privacy and integrity protections. The platform enables product use cases ranging from major advertisers running ad campaigns on Facebook, Instagram, etc through to businesses collaborating and working together in mixed reality and the metaverse, all with a focus on enterprise-grade reliability. We are seeking an experienced Software Engineer to join our leadership team driving the platform as we scale up. Want to solve unique, large scale, highly complex technical problems? Join us! * Architect and help build a platform which serves the needs of multiple product use-cases"
"Software Engineer, Product",Meta,Competitive,London,"We are the teams who create all of Meta's products used by billions of people around the world. Want to build new features and improve existing products like Messenger, Video, Groups, News Feed, Search and more? Want to solve unique, large scale, highly complex technical problems? Meta is seeking experienced full-stack Software Engineers to join our product teams. You can help build products that help us connect the next billion people, create new features that have billions of interactions per day and be a part of a team thats working to help people connect with each other around the globe. Join us! * Full stack web/mobile application development with a variety of coding languages * Create consumer products and features using internal programming language Hack * Implement web or mobile interfaces using XHTML, CSS, and JavaScript"
"Software Engineer, Infrastructure",Meta,Competitive,London,"We are the teams who create all of Meta's products used by billions of people around the world. Want to build new features and improve existing products like Ads, Video, Groups, News Feed, Search and more? Want to solve unique, large scale, highly complex technical problems? Meta is seeking experienced Software Engineers to join our teams. You can help build products that help us connect the next billion people, create new features that have billions of interactions per day and be a part of a team thats working to help people connect with each other around the globe. Join us! * Lead complex technical efforts across many engineers * Design core, backend software components * Code using primarily C/C++, Java, PHP and Hack * Interface with other teams to incorporate their innovations and vice versa * Conduct design and code reviews"
Software Engineer (Leadership) - Machine Learning,Meta,Competitive,London,"Facebook is seeking Machine Learning Engineers to join our engineering team. The ideal candidate will have industry experience working on a range of classification and optimization problems like payment fraud, click-through rate prediction, click-fraud detection, search ranking, text/sentiment classification, collaborative filtering/recommendation, or spam detection. The position will involve taking these skills and applying them to some of the most exciting and massive social data and prediction problems that exist on the web. * Drive the team's goals and technical direction to pursue opportunities that make your larger organization more efficient * Effectively communicate complex features and systems in detail * Understand industry & company-wide trends to help assess & develop new technologies"
Software Engineer (Leadership) - Product,Meta,Competitive,London,"We are the teams who create all of Metas products used by 3 billion+ people around the world. Do you want to build new features and improve existing products like Commerce, Ads, Video, Groups, News Feed, Search, and more? Want to solve unique, large scale, highly complex technical problems? Meta is seeking experienced full-stack software engineers to join our product teams. You can help build the next generation of products create new features with billions of interactions per day, and be a part of a team thats working to help people connect around the globe. Join us! * Drive the team's goals and technical direction to pursue opportunities that make your larger organization more efficient * Effectively communicate complex features and systems in detail * Understand industry & company-wide trends to help assess & develop new technologies"
Software Engineer (Leadership) - Product,Meta,Competitive,London,"We are the teams who create all of Facebooks product used by 1.5 billion+ people around the world. Want to build new features and improve existing products like Commerce, Ads, Video, Groups, News Feed, Search, and more? Want to solve unique, large scale, highly complex technical problems? Facebook is seeking experienced full-stack software engineers to join our product teams. You can help build the next generation of products that help us connect the next billion people, create new features that have billions of interactions per day, and be a part of a team thats working to help people connect around the globe. Join us! * Drive the team's goals and technical direction to pursue opportunities that make your larger organization more efficient * Effectively communicate complex features and systems in detail"
"Software Engineer, Machine Learning",Meta,Competitive,London,"Meta is embarking on the most transformative change to its business and technology in company history, and our Machine Learning Engineers are at the forefront of this evolution. By leading crucial projects and initiatives that have never been done before, you have an opportunity to help us advance the way people connect around the world. The ideal candidate will have industry experience working on a range of recommendation, classification, and optimisation problems. You will bring the ability to own the whole ML life cycle, define projects and drive excellence across teams. You will work alongside the worlds leading engineers and researchers to solve some of the most exciting and massive social data and prediction problems that exist on the web. * Leading projects or small teams of people to help them unblock, advocating for ML excellence"
"Software Engineer, Gameplay - Reality Labs",Meta,Competitive,London,"Reality Labs at Meta is building products that make it easier for people to connect with the ones they love most, enjoy top-notch, wire-free VR, and push the future of computing platforms. We are a team of world-class experts developing and shipping products at the intersection of hardware, software and content. As a Gameplay Engineer on the Reality Labs team at Meta, you can help build new, innovative hardware and software that radically redefine the way people work, play and connect. What we build today could one day be the norm. So to be here today is to truly be at the heart of change and the frontier of what's to come. We're the people helping to define the metaverse. We may not have all the answers. But together, we're getting closer. * Design and deliver interactive features for in-VR social presence"
Software Engineer - Technical Leadership,Meta,Competitive,London,"Cross-Meta Integrity (XI) is a mission-driven organization helping keep users and businesses safe online across the Meta family of apps. Integrity Foundations builds scaled infrastructure, platforms, experiences, and tooling to keep our products safe and delightful for everyone, protect voice and economic opportunity, and do so in an efficient, agile, scalable fashion. This is a highly strategic hands-on role that has a direct impact on Metas topline and bottomline. We are seeking an experienced systems engineer to join our team in a fast paced and complex space. The ideal candidate will possess exceptional collaborative skills is obsessed with reliability at scale and have the ability to establish lasting partnerships to create significant business impact in the Integrity space and beyond."
"Software Engineer, Metaverse Engine Technology - Animations",Meta,Competitive,London,"Reality Labs at Meta is building products that make it easier for people to connect with the ones they love most, enjoy top-notch, wire-free VR, and push the future of computing platforms. We are a team of world-class experts developing and shipping products at the intersection of hardware, software and content. As a Software Engineer on the Reality Labs team at Meta, you can help push the boundaries of how people represent themselves and work, play and connect. Connecting with others is at the heart of the metaverse, and we're the people helping to define what that means. The ideal candidate is a software engineer with experience in VR, physics-based simulation, visualisation or a creative industry expert (e.g. Video Games, Film VFX). You will bring together innovative design with new technologies (related to 3D applications and games)."
"Software Engineer, Machine Learning",Meta,Competitive,London,"Meta is embarking on the most transformative change to its business and technology in company history, and our Machine Learning Engineers are at the forefront of this evolution. By leading crucial projects and initiatives that have never been done before, you have an opportunity to help us advance the way people connect around the world. The ideal candidate will have industry experience working on a range of recommendation, classification, and optimization problems. You will bring the ability to own the whole ML life cycle, define projects and drive excellence across teams. You will work alongside the worlds leading engineers and researchers to solve some of the most exciting and massive social data and prediction problems that exist on the web."
Software Engineer (Python / Next.js),Oho Group,£40000 - £55000 per annum,"North London, London, N1 9AL","Software Engineer - London - Join an AI-Powered Innovator ?? Permanent + Hybrid + Tech for Good?? Are you a junior-mid level Software Engineer that's ready to develop the future of education? This is your chance to join a cutting-edge AI start-up that's dedicated to transforming the lives of millions of students worldwide! The two co-founders come from strong backgrounds and have a vision to empower the way students learn. As a Software Engineer in their engineering team, you will help build scalable, user-centric solutions and drive all stages of software development - from design to deployment. This is a unique opportunity to work directly with the founders and build software applications that leverages AI to make education more accessible and engaging than ever before!"
Control Systems/Software Engineer,Inspired Recruitment,Up to £70 per hour,"New Malden, London",My client is looking for control systems software engineer ideally with experience of WinCC OA or WinCC V7 and above to work on a submarine naval project. The role will be onsite in New Malden Surrey either 1 week in any month or 2 days every week. If you have experience with Scada and PLC this is a bonus.
Software Engineer - Register your interest,ASOS,Competitive,London,"While we may not have an open position for a Software Engineer at this moment, we are always on the lookout for talented individuals to join our team in the future. By registering your interest, you'll be considered for upcoming opportunities as they become available. The Details As a Software Engineer in one of our 30 engineering platforms operating at hyper-scale receiving thousands of requests per second, you'll work as part of strong cross functional agile team driving quality and technology bringing your skills and experience to share with the team and mentor the other engineers' day to day. With around 5000 new products going live every week there is huge scope to provide capabilities which allow our colleagues to improve their efficiency and make more effective decisions driving a better product offer to our fashion loving twentysomething customers."
Ensoft Software Engineer - (Micro Intern),Cisco,Competitive,"Harpenden, Hertfordshire","Ensoft Software Engineering Micro-Intern - United Kingdom 1 week placement in Spring or Summer 2025 : Interviews to be held closer to the time. Positions are expected to open later in the academic year. To express your interest, please apply above, and well get in touch once these roles become available. Location: Harpenden Our aim is to provide you with a software development project that lets you experience what it is like to work as part of the Ensoft engineering team, using industry leading development practises. Your project will relate to the work that our engineering teams do, and be a self-contained piece of work that can be completed across a week long placement. You will be working at our office in Harpenden, located close to the station and with a very fast connection into London."
Backend Software Engineer Python AI SaaS,Client Server,£100000 - £130000 per annum + bonus + benefits,"The City, EC4","Backend Software Engineer / Developer (Python AI SaaS) London onsite to £130k Are you a backend technologist who has expertise with Python looking for an opportunity to work on complex and interesting AI based systems? You could be progressing your career at a growing tech start-up as they expand their UK presence (already highly successful in the US); the product is an AI driven intelligent video security that can be integrated to current systems and enables things like searching for particular people and licence plates. As a Backend Software Engineer you will be instrumental in helping the company to scale its current platform and have responsibility for large parts of the backend code base. You'll design and implement APIs, databases and data pipelines, taking ownership of delivery of features and debugging issues."
Contract Razor C# .NET Core Software Engineer,Interact Consulting Limited,£600 per day onsite & outside Ir35,"NW1, North West London","London Outside IR35 Contract £600pd Cybersecurity An expert Razor C# .NET Core Engineer (microservices) is required immediately on contract to help my client with a migration of their portal from Razor Pages (with HTMX) to Blazor. Working onsite, the statement of work requires the Expert Engineer to use static rendering mode, keep existing handlers and HTMX to make an incremental migration possible. An ASP.NET Core 8 frontend application is implemented using Razor Pages, with HTML rendered on the server. The wish is to migrate the pages to using Blazor static rendering in an incremental fashion, to de-risk the project and allow for continuous integration of the changes. We want to serve these Blazor-rendered pages from the same ASP.NET application."
Graduate Software Engineer C++ Linux TCP/IP,Client Server,Up to £45000 per annum + benefits,"The City, EC4","Graduate Software Engineer / Developer (C++ Linux TCP/IP) Remote UK to £45k Are you a bright, enthusiastic Computer Science graduate with C++ coding skills seeking a role as a Graduate Software Engineer? You could be working on Greenfield Cyber Security software products and learning from hugely talented team at a rapidly expanding scale-up software house that is developing a highly complex network cyber security platform. As a Graduate Software Engineer you will design and develop enhancements and new components to the core networking and security analysis platform including application level proxies, data analysis and security event correlation."
Senior Software Engineer IAM SaaS,Client Server,£90000 - £110000 per annum + benefits,"The City, EC4","Senior Software Engineer / Backend Developer (IAM Rust IaC) Remote UK to £110k Are you a skilled backend Software Engineer with a strong interest in IAM (Identity and Access Management) solutions? You could be progressing your career in a senior, hands-on Software Engineer role as part of a friendly and supportive international team at a growing and hugely successful European car insurance tech company as they expand their UK presence; their platform enables an insurance quote to be made to the consumer within 60 seconds, using just 4 clicks. As a Software Engineer you'll be responsible for the configuration and hardening of workforce and customer IAM SaaS platforms, extending and adapting their functionality, developing custom services and productionising IAM functionality for other engineering teams."
Backend Software Engineer C++ Artificial Intelligence,Client Server,£100000 - £120000 per annum + equity + benefits,"The City, EC4","Backend Software Engineer / Developer (C++ Artificial Intelligence) London to £120k Are you a data centric technologist who has expertise with C++, looking for an opportunity to work on complex and interesting AI based systems? You could be progressing your career at a growing tech start-up as they expand their UK presence (already highly successful in the US); the product is an AI driven intelligent video security that can be integrated to current systems and enables things like searching for particular people and licence plates. As a Backend Software Engineer you will build Edge-computing and IoT applications for processing vision data and communication layers for the compute-constrained edge devices. You'll be deploying Machine Learning models to production and optimising the platform runtime performance, this is mainly in C++ with parts running on GPU."
Software Engineer,Yolk Recruitment,£40000.00 - £60000.00 per annum,"St James, SW1","MERITUS are excited to be partnered with a large UK Defence Consultancy looking to grow their software engineering function. They're looking for experienced backend focused software engineers experienced with either C++ or Python to work across a number of client projects. The company are looking to grow due to an influx of new project work & have multiple roles available. The successful candidates will join an experienced Agile / Scrum focused engineering team in the design, build & maintenance of secure applications & systems for UK defence / national security focused clients. To be successful you will need strong experience building backend applications & systems in either C++ or Python, exposure to frontend programming in JavaScript frameworks such as React would be highly beneficial but not required."
Software Engineer,Cubiq Recruitment,Unspecified,London,"Job Role: Software Engineer Location: Oxford / London (3 days a week on-site) We’re partnering with a highly funded AI research company, poised to build the largest and most advanced AI team in Europe in the coming years. There aren't many opportunities where you get to work on addressing the problems of tomorrow in a ""don't be afraid to push boundaries and fail environment"". Competing on a Deepmind-esque level, you'll be addressing some of humanity’s most pressing and enduring challenges, including next-generation drug discovery, combating climate change, the future of sustainable agriculture, and various other humanity-positive missions! By joining their team, you’ll have the opportunity to contribute to research that directly shapes a better, more sustainable future for humanity."
Software Engineer,Espire Infolabs Limited,Unspecified open to discuss,London,"We are looking forSoftware Engineer for our London,UK Office. Job title:Software Engineer Job type: Permanent Job location: London, UK(5 Days onsite in a week) * Coordinate between scrum master, product owner and development team. * Hands on with technology in use so that he/she can undertake Triage * Work closely with the DevOps capability on build, configuration and release management. * Participate in discussion & understand future roadmaps (technology & product) and contribute with value add functionality for the underlying application stack. * Release & configuration management for code delivery from Espire team in conjunction with DevOps team * Streamline workflows by implementing inventive technical solutions * Engage with stakeholders, updating them on IT development processes and costs * Design and test technical architecture"
Software Engineer (serverless application- AWS),Centrica,bonus pension and benefits,"SL4, Windsor","Centrica are going through a fascinating period of change. We're evolving to become a truly purpose-led organisation ' Energising a greener, fairer future'. We truly believe that we have a huge role to play in helping the nation to cut carbon emissions and prepare for a net zero future, and it's a role we are immensely proud of. An opportunity to play your part We are seeking a talented Software Engineer (Serverless Applications- AWS) to join a cross functional team in Digital Technology Services, a core function that provides engineering services to the rest of Centrica. Our cross functional teams are responsible for building, testing, and running their platforms in production."
Gameplay Software Engineer - Reality Labs,Meta,Competitive,London,"Reality Labs at Meta is building products that make it easier for people to connect with the ones they love most, enjoy top-notch, wire-free VR, and push the future of computing platforms. We are a team of world-class experts developing and shipping products at the intersection of hardware, software and content. As a Software Engineer in the Workrooms team at Meta, you will develop the VR in-meeting experience - an immersive virtual space, where you and your team can work better together, from anywhere. Meet teammates, brainstorm ideas, share presentations and get things done, whether you're using Meta Quest or joining from a 2D screen. * Build tech, tools and pipelines for generating very high quality digital representations of people * Architect and implement efficient and reusable systems that drive animation in complex real-time cross-platform applications"
Software Engineer,Oho Group,£50000 - £60000 per annum,"St. John's Lye, GU21 6JD","A global household name within the automotive and motorsport industry are looking for a strong Software Engineer to join their team. They are trying to pioneer a better future by uniquely applying data science, design, and engineering. This position is within the team that leverage F1 technology to deliver connectivity services and analytics to diverse clientele. As a pivotal member of the team, you'll drive innovation, crafting cutting-edge products across multiple markets such as transportation, automotive, and motorsport. Your role involves collaborative problem-solving within a multidisciplinary engineering team, alongside experts in Data Science, Simulation, Software Development, Testing, System Reliability, Systems Engineering, and Hardware.. * Excellent programming skills in either Go, Python or C++"
"Lead Software Engineer (C++, QT)",Alten Ltd,Unspecified,London,"Company Description Are you passionate about engineering? Do you want to make a difference? You could be one of our 54k+ colleagues in over 30 countries working on inspiring projects in the most innovative companies. Join us and start building tomorrows world today! Job Description Join our team in Crawley at the forefront of Intelligence Surveillance Reconnaissance (ISR) systems for the naval/maritime environment. We are seeking an experienced Software Engineera0;to lead a team of 6 working on a critical product refresh project. This involves re-designing existing non-Qt Human-Computer Interface (HCI) software within the Qt framework, while maintaining the existing UI/UX to ensure a seamless transition for submarine operators. * Embedded Software Development: Design and maintain HCI software using C++ within a Qt framework."
Software Engineer Intern,Meta,Competitive,London,"Want to build new features and improve existing products that more than a billion people around the world use? Are you interested in working on highly impactful technical challenges to help the world be more open and connected? Want to solve unique, large-scale, highly complex technical problems? Our development cycle is extremely fast, and we've built tools to keep it that way. It's common to write code and have it running live on the site just hours later. We push code to the site continuously and have small teams that build products that are touched by millions of people around the world. If you work for us, you will be able to make an impact immediately. Meta is seeking Software Engineer Interns to join our engineering team."
"Software Engineer Intern, Systems and Infrastructure (PhD)",Meta,Competitive,London,"We build systems that allow billions of people all over the world to connect and communicate using whatever devices they have available. Our researchers and engineers are constant innovators as they design and build scalable, fast, reliable, and efficient systems. Moreover, fast evolving social apps and highly dynamic social workloads present many unique research opportunities. From distributed systems, to data centers, hardware, storage, mobile and beyond, the entire Meta platform is our lab for research, development, and innovation. As a PhD Intern at Meta, you will help build the systems behind Metas products, create web applications that reach millions of people, build high volume servers and be a part of a team thats working to help connect people around the globe."
"Software Engineer Intern, Machine Learning (PhD)",Meta,Competitive,London,"Meta is embarking on the most transformative change to its business and technology in company history, and our Machine Learning teams are at the forefront of this evolution. By taking on crucial projects and initiatives that have never been done before, you have an opportunity to help advance the way people connect around the world. In order to meet the demands of our scale, we approach machine learning challenges from a system engineering standpoint, pushing the boundaries of scalable computing and tying together numerous complex platforms to build models that leverage trillions of actions."
Developer Platforms Engineer,London Stock Exchange,Competitive,London,"LSEG (London Stock Exchange Group) is a world-leading financial markets infrastructure and data business. We are dedicated, open-access partners with a commitment to excellence in delivering services across Data & Analytics, Capital Markets, and Post Trade. Backed by three hundred years of experience, innovative technologies, and a team of over 23,000 people in 70 countries, our purpose is driving financial stability, empowering economies, and enabling customers to create sustainable growth. Are you passionate about making developers' lives easier, faster, and more fulfilling? Do you dream of streamlining workflows, squashing bugs, and fuelling innovation? We're on a mission to supercharge our engineering culture by building a world-class Developer community that's the envy of the industry."
Developer Platform Engineer,London Stock Exchange,Competitive,London,"Developer Platforms Engineer Company Profile LSEG (London Stock Exchange Group) is a world-leading financial markets infrastructure and data business. We are dedicated, open-access partners with a commitment to excellence in delivering services across Data & Analytics, Capital Markets, and Post Trade. Backed by three hundred years of experience, innovative technologies, and a team of over 23,000 people in 70 countries, our purpose is driving financial stability, empowering economies, and enabling customers to create sustainable growth. Role Profile Are you passionate about making developers' lives easier, faster, and more fulfilling? Do you dream of streamlining workflows, squashing bugs, and fuelling innovation? We're on a mission to supercharge our engineering culture by building a world-class Developer community that's the envy of the industry."
Applications Specialist,TRS Consulting,"From £40,000 to £45,000 per annum",South East,"ApplicationsSpecialist,MedicalX-RayImagingSystems * Overall Earnings £55,000 (including bonus and overtime) * Basic Salary£40,000 to £45,000 * Bonus 10% * Company Car (electric or hybrid) or Car Allowance * Overtime * Generous Expenses Policy (including day payments of either £10, £15 or £25) * Pension 6% * PrivateMedicalCover * Life Assurance * 25 Days Holiday plus Bank Holidays * Excellent Benefits Package * Genuine Opportunities for Career Progression ** An excellent opportunity for a radiographer orapplicationsspecialist with experience of x-rayimagingsystems to join a leading manufacturer ofmedicalimagingsystems ** The Role ApplicationsSpecialist,MedicalX-RayImagingSystems * Designing local training courses to meet training needs for installations and follow up visits * Carrying out pre-sales demonstrations and post sales product support"
Software and Commissioning Engineer,Rise Technical Recruitment Limited,£45000.00 - £55000.00 per annum,"Stevenage, Hertfordshire","£45,000 - £55,000 + Niche industry training + Progression + Excellent Company Benefits Stevenage (Ideally located: Luton, Cambridge, Bishop Stortford, Chelmsford) Do you have experience on Controls Development/PLC software? Are you looking to work with an industry leading company, offering niche training where you can further develop your technical abilities? On offer is a fantastic opportunity to join a pioneering company where you can take the technical lead and play a crucial part in the development of all company PLC software. You will have ample opportunity to showcase your skillset and become the go to technical expert within the company. Established for over 30 years this company is an industry leader in their field. This company is known for its focus on innovation and technology-driven solutions."
Software Engineer,Proactive Appointments Limited,£400 - 440 per day,London,"Our client is looking for a Software Engineer to join their Release and Change management team within their London-based banking organisation. You will be supporting the DevOps Engineers within the team. You will be designing/coding/testing/debugging/Documenting software applications. You will have the following skills: - * Strong software Development experience within a Banking Environment * Full Project Life Cycle knowledge * Understand Unix operating systems * Java Development knowledge * SQL experience * Any Dev Ops or Regulatory experience useful. If this could be your next contract, please forward your cv in the first instance. Due to the volume of applications received for positions, it will not be possible to respond to all applications and only applicants who are considered suitable for interview will be contacted."
Software Engineer (Java),Yolk Recruitment,£50000.00 - £100000.00 per annum,"St James, SW1","MERITUS are working with a global consulting organisation looking to grow their national security division in the UK. They're hiring for multiple software engineers to join their team to work on critical projects within the defence / national security sectors. They're core tech stack is Java, JavaScript (Node / React) & operate in a highly Agile / Scrum environment. They're flexible on experience & skillset so if you don't have experience across the whole tech stack they would still be able to consider you. They're based in London & operate hybrid working with 2-3 days per week onsite. Active eDV clearance is essential. * Full lifecycle development in Java, JavaScript (Node / React) on secure applications & systems. * Liaising with internal stakeholders to ensure project requirements are adhered to & project deadlines met."
Embedded Software Engineer,Rise Technical Recruitment Limited,£60000.00 - £70000.00 per annum + Bonus + Pension + Training,"Slough, Berkshire","Senior Embedded Software Engineer Slough (Hybrid) £60,000 - £70,000 + Bonus + Pension + Training + Progression An excellent opportunity awaits a Mid-Level/Senior Embedded Software Engineer to join an award-winning business offering great room to progress, technical variety and performance-based bonuses. This company is an award-winning specialist renowned for developing products for globally renowned businesses in a variety of sectors. In this role, you'll be a key part of a close-knit development team, working across the full product lifecycle to deliver innovative, market-leading products for the medical, wearables, and consumer electronics sectors. This is a hybrid role, based in Slough with 3 days a week in the office."
Embedded Software Engineer,Bennett and Game Recruitment LTD,£80000 - £100000 per annum,"GU1, Guildford","The ideal candidate for this role will be someone with a technical background in embedded systems, preferably embedded linux. * Design and develop space communication systems. * Design and implement software on a microcontroller for a bare-metal embedded system. * BSc. in Computer Science or Electrical Engineering. * 5+ years of software engineering experience in C for RT-embedded bare metal on a microcontroller. * Experience with scripting languages (Bash, Python), and version control software like Git. * Experience with telecommunications systems and modems (wireless and wired). * Experience with embedded Linux user-space software stack (Kernel) and Yocto/Buildroot * Experience with real time operating systems. * Salary- Circa £100,000 (Dependent on experience and skillset. Junior candidates will also be considered)"
"3D Software Engineers, VR / Augmented Reality",Staffworx Limited,"excellent rates or salaries, DOE, Jan/Feb 25 starts",London,"Virtual/Augmented Reality Software Engineers for greenfield digital future programme. Working from UK, delivering full AR/VR/XR solution to large scale digital engineering programme Skills * experience with AR, VR, XR technologies. * working with Web GL/Open GL * building apps using JS frameworks to build apps * fundamentals of 3D game design, development, and usage of 3D math * converting CAD/CAM drawings into game engines is a plus * Knowledge and experience in Agile Methodology, TDD and Mocking Framework is a plus Experience * understanding of digital twins, it's drivers are and how they can be used to create business and social value * creating as-is twins, operational twins and simulation twin applications"
Senior Ruby on Rails Software Engineer,Profile 29,"From £80,000 to £100,000 per annum (neg.) + pension + gym + parking","IG10, Loughton","Job: Senior Software Engineer - RUBY ON RAILS * Salary up to £100k neg. * Pension scheme * Free on-site gym & parking * Mon-Fri onsite in Debden (IG10) * 10 mins walk from Debden tube station (Central line) A fantastic opportunity has arisen within this company, a fast-growing scale-up that is helping hundreds of thousands of people in the UK save money every day. They are a rapidly growing, B2C rewards app that has experienced 15x user growth over the past 12 months. They are recruiting for a Senior (ideally Full Stack) Engineer / Developer to join their growing tech team to work across their suite of mobile and web applications helping them to deliver an exceptional, bug free customer experience. Their ideal candidate should be excited by the challenge of working in a high growth and fast-paced environment."
Software Engineer,Bloc Recruitment,"Up to £150,000 per annum Equity options included","WC1, Central London","Salary up to £150k + Equity London Hybrid 1-2 Days a week Technical Stack: Python, React, TypeScript, Vercel Do you get a kick out of shipping code frequently, iteratively, and collaboratively. Do you value MVPs and customer impact over perfectly engineered systems? Were seeking high-performing London-based engineers of any level to help contribute across the systems to solve more of the customers problems. An opportunity to join a Series A stage company based in New York and London, who use the latest advances in AI and LLMs to automate document-heavy workflows. Skills required * Python / Flask / FastAPI on the backend * React / JavaScript / TypeScript / Vercel on the frontend. * Terraform / GCP / AWS for infrastructure With over 100+ customers in financial services and beyond who trust them to be embedded in critical processes."
Junior Software Engineer - C#,WHD Consulting Ltd,"From £30,000 to £35,000 per annum","SL6, Maidenhead","I have a great opportunity for a graduate software engineer for our fantastic client in Berkshire. You will play a key role in designing and building our market leading software products as we drive to continuously increase our cloud maturity and mobility. You will be working as a key part of an agile team to design, build, test, and support enterprise software solutions. Development is in C#.net Responsibilities Participate in design decisions for new and existing application development, proactively escalating issues and seeking assistance to overcome obstacles Prepare and provide project status and risk assessments to their manager with appropriate levels of detail to ensure that programs stay on schedule Actively develop software solutions for companyproducts Perform testing to ensure systems meet documented user requirements"
Software Engineer C#,WHD Consulting Ltd,"From £40,000 to £60,000 per annum","SL6, Maidenhead","I have a great opportunity for a software engineer for our fantastic client in Maidenhead. 3 days onsite, 2 days remote. This is a mid weight role so suits an engineer with a couple of years experience onwards. However exceptional graduates will be considered. You will play a key role in designing and building our market leading software products as we drive to continuously increase our cloud maturity and mobility. You will be working as a key part of an agile team to design, build, test, and support enterprise software solutions. Development is in C#.net Responsibilities Participate in design decisions for new and existing application development, proactively escalating issues and seeking assistance to overcome obstacles Prepare and provide project status and risk assessments to their manager with appropriate levels of detail to ensure that programs stay on schedule"
